,letters,scores
0,CACGGTGGGACTAACAACTTTAACTAGT,0.0
1,GGTGGCTAACTATTTCGTAACGTGGCTACAACTATGCCCTCA,-2.0862655639648438
2,GGAAGACCCCCCAGGACGCCCTTTGGGTTGAGT,-3.9645836353302
3,TTCGAATCGACGACCGACACAGGACAGTAGGCGTTAATACGGCCCTATCCAAC,-7.257155418395996
4,GTAGTCAAATAGATAGACACTTTGAAGGCACTACAATCAATTTTACTCAGGACCCGGG,-2.8887367248535156
5,AACTAGATATTTGATTTGGAGACGCTACCCCCATGATATTAAGTTCTCGGCTACTACT,-1.175264835357666
6,ATCGCTAGGGGCCGCTGCTTACCCTATATG,-3.102036952972412
7,ACGGTCCACACCAACCCTTCAGCTTTGCCCAAAG,-3.154531478881836
8,ATAAATTGCACTGAATTACCAGCTC,-1.0606749057769775
9,AGAGGTAACTAGCCTAATCTGTACGCGCAGGG,-2.6526832580566406
10,ACTTGTTTCTGAATAGCGCTCATCTGTTA,0.0
11,CCCTCAGGGATCTGTCTCAAAATGTAAGAAC,-1.7963180541992188
12,CTTTGCGGAAGCTAAACCATGTCTTCCTAATTTCCGCACAC,-6.032194137573242
13,AGAAACCGTGGGAGCGCTCACCCTTAAAAACATTTCGATTTTATAGGTG,-4.475811958312988
14,ACTCTAGGCAACAACTAATGACTCGCAATAGCTGGTCTGTACGTGCTAGCCT,-2.8692426681518555
15,GGTCAAGCCAACTTTACAGTCCAGGCCCTACGCCCGTGGGACCGAACAGTCCCC,-8.52409839630127
16,CGACTCACTTCCTTCTCCCAGTAGTGGTCCGCGTGCAAATCGGAGTGTCGCAGCGAGGCG,-6.974040508270264
17,CCGACTGACAAACTATCTGTTATAGTTCCCTGGCTGTT,-4.44118595123291
18,CACTTAGGCCACCACTCACCAGCCCG,-1.7645394802093506
19,TCATCAGCGGAATCAAAAGACACCGCCTGTA,-4.13454008102417
20,AATCAGGTGTCTGAAGGACCGGGAGGTGTGCGTACTAGTTAGTCGT,-6.9440789222717285
21,CCCAGCCGCTAACGTTGTAGAGTGTAGAGCGCCGACTTTCTACTCTTCA,-4.138393402099609
22,GATCGTGGCGGCGCGCCCGGAAGGTTTGCTGCAGTGCCCACTCTATAGATAGGTGA,-6.290172576904297
23,CTCAATATACAGATGTTCAAGCCACATATTCGATTCATGGAGGATGTAACA,-1.876573085784912
24,CCAAATATCGTGTACAGCGGGAGTAGTCTATAGGCCATTCGACAGATTTCATATACTA,-0.6676137447357178
25,AACTCGTACTTCACTCGCTTAAAAGCAGAATAAAT,-2.404918909072876
26,CAATTTTTCTATAATCATAAGCAGGCATAGGATCTGG,-0.8025147914886475
27,CTCAGCAAACACGCTCGGAGTAGCAAGTGACGGGGGC,-2.132761001586914
28,CCCTGGAACTAGTGACAGGAGTGTTTATGCGATAAAATGTTTTTTCCACTTCTATGGACG,-6.359033107757568
29,GGCTACATCAACACGCGGGACTTGCGTACGTCTCTATTTTCTCTTACGTGGGACA,-6.30681037902832
30,ACAAAGTATCGACATGGGTGTAGG,-1.3648767471313477
31,CTGTATGTAGTACCAGACTCGGAGTCCCTTGATCTGA,-1.9098105430603027
32,TCAGATCCAGCTACGCAAATCCAACGTATGCGCGTAGACCAT,-5.7418107986450195
33,TATTTATCCGACTTGGTTGTATGGTAGAAGCGCGTAAGGCCTGATCTTGACAAT,-1.5498335361480713
34,AATTTCACTAAGATGTCGTGACGTCTATGAATTCTGAATCT,-1.0180048942565918
35,TACTGTCTTCCGCTCTCAGAATGTCCCGGATACGCCTGTCGTTAGGGATATGCACTTCC,-5.571549415588379
36,CGCCTGCTACGAGACTGACATAGCCAAGACTGTTTGTGCA,-1.936232566833496
37,TCTAGGACATCCCATTCACTGCCTTAAGGGTTTACTTAGGTCATCCCATGGTCGAA,-2.71522855758667
38,GAGAGTGGTAACGCTGATGACCTGGGACGGCCCTCTACAGCGTCCTTTTTCTAT,-7.8230085372924805
39,GCGACCATTGTACATCCTATGTCGTAGTTTGTCCTCGAATTTAGCTCATTTAGTTGCCA,-2.4235751628875732
40,AGCACTAGCCTAATAATGGTTTGGC,-1.8030505180358887
41,TGTCACCTGGCGTGCTACGCAGTACTCAAACCGTTACTTCCC,-4.033293724060059
42,TCCCATGGGGCCGCGTCGCTTGTTCACGAG,-2.9577293395996094
43,TAGACGGTGTGCATTGGGTT,0.0
44,GCGGCATAATTATACCATCTGGAGATTAATACATGACCGCTTCAGCTTTTACC,-4.400489807128906
45,ATATCGTCATAGTCGGGCTTGGGAGGTGCAT,-0.5732932090759277
46,GTATCAAGGCAGGCACAAGTTACGGTCAAGAGGCAATGATACCTTATCATTT,-4.02140998840332
47,GTGTACTAACTCACTATTCCCGGGCGGCGAAACAGCTGAAAGGTATGTGGTAACC,-3.6972994804382324
48,TGTTGGCACCATTGCTGGCCATCTGATCTGGTTGCGGACCTAACTTATGAAATCGA,-5.050114631652832
49,AAGCATTAGTTATGTTGTTGTCCCATTTCCTGCCCGCACAATAGTGCA,-5.0584940910339355
50,GCTCGGCATCGTACACATCAACCGGCTGCACCCGCAGGATCATGGCTGTA,-5.178979873657227
51,CGCGCAGCATACGGCTAAGTAGCTAGAGGATATTACCTTTGGACTAGGTGTTATAAAT,-6.569952011108398
52,GAACGAGACTAGCCGCAAAACCCGGACTATGAAGTAGCGTGCTGAAAGAGGCGAA,-3.572782278060913
53,TCCTACGAATCTGTCCGCCTAACCATGGTAGTTCGCTCTTATTCTCACAC,-1.3006744384765625
54,GGACGAGCATAGACGAATATGGGATCTATATCTTCGGCTCAG,-3.718735694885254
55,TTGCAGTAGACTTGACGACAATCTTCTCTGGACGCAGCCCGGGGATCTAAAATTGGCAC,-2.679415225982666
56,CCCTCCCGGAGGCTGAGTCTAAGGGGCCCCCCATGTTGAACTA,-5.140972137451172
57,GTGTTAGGCGTACGACCCAAACTTGAAAAACAAAAGATCT,-2.0548908710479736
58,AGCAGTGGCTAATACTAGCCC,-4.146265983581543
59,ACGAAAGGAACTGATGCGGGAAATACGGAGTGCAAATTTCCTATTCTCG,-5.3593058586120605
60,AGTTCCGCGGCTTAAATGCACCAAACAGATCTAGAA,-0.873293399810791
61,GATTGCACCCTCAATGCATTCTCATGTTTTCCG,-2.1004891395568848
62,GGCCTGACATATAGGAAAAGTGCTCTACTCGTGCCCCGG,-3.545191764831543
63,GATCCCGACCCAAGGGTGTGCACGGTTCCAAGCCTGACAATTGTGCTGCGTAAG,-4.943920135498047
64,TTTGTTTACGAGGGCTTCAAGAATAGTG,0.0
65,GCACGTATTCTTGTGAGCCTATTAACCTTCCTCGTACGGTACTCACAAGCACTT,-5.935919284820557
66,CAAGCCTAGTTGAGATGCTTCTCGGATAATTAAGGTTCAGCAAGATGGGACAGGGACTAC,-3.1388211250305176
67,AGTTCGGGTGGCCCGGACCTATCACACTCTTA,-3.8187103271484375
68,ACTTCAATACAAGCTTGTCAAAGCCGTGCGAGGGGCAA,-4.217575550079346
69,GTGTCTTTGTAAACAAGGAAAGTTCAAAATTTATTTTCG,-2.221569776535034
70,CTGAGCATTGTAGTCATTGGCACCGCATTGAGTC,-1.4387359619140625
71,ATTGACTCGTCACACAACTA,-0.9821939468383789
72,TATTTCACGTAGGTCCGTAGATGGATCGTCGACGCTAGGTTACGATGGGCACACCTCC,-5.322985649108887
73,TTGGTGCACGGCCTTCGATTTCCAGACAGTGGGGAATCGCGCGAC,-4.375919342041016
74,CATCGTCTACGTCGCACACCCTAGGTAAAAGCGACACCACTTAGAGCCCCGTGGCAA,-7.684625625610352
75,TTCATATTACTTTAAAGGCGTTCTGGGTCGACCGCGGGTACCACAGTGT,-2.8858304023742676
76,CCTCGCCTCCGTAAGGGAGAACATTCACTGGCATGCGCATGCGTTATTCGTCTCGT,-6.738503932952881
77,TAGAATGGATCCCCTGTTCCGGACTAACACTTTTTTTTGGCGCGAACTAAGTGCCGTGC,-3.203439712524414
78,TGGGCTCATCGATCTGATACTATTAGGAGGATACAGAGCTAGGCTATGAGTAGAC,-4.367861747741699
79,CGGTACCGGAATAGAGCTGTTGGAGGAGGCCAGCGTGCCTTCAT,-3.77394700050354
80,TCAAATTTATCACCGTTTAAGGTATCTGGAAG,-1.6151008605957031
81,GCAACGAATGAACGGGAGCT,-0.9334661960601807
82,AAAGTCTCTTGAACAAAGGCCCTTTTCCCGAC,-1.0487098693847656
83,ATGGTGATCGAGGGCCTTGCCGTGAACTGACAACCTACCTCTAGTTCAAAGT,-3.926318645477295
84,ACGATCTTCCTAAGACCTTGCCATACGAAAGTACCGCACAACACATACGCC,-4.001733779907227
85,AGGCGTGAAAAAGGGCGCAACGGATCAGACAGTACTCCCA,-2.743293285369873
86,GGTTTCTAACCATATGCCCTACTGACTAATCATAGTCTACTACT,-5.089829444885254
87,GGGTGTTTGTAAACGCGCTGCACCGTCGGCCGTTGGGGGCCAGGGAAGGTTATGCCCATC,-8.254874229431152
88,GCACAGCGCTGTTTGGATTGGCAGGCGTATACGCTTCGTGGGCCCCT,-5.020627975463867
89,TGTGGCAAATACTTAAGGTACCATCTCGTATC,-0.5820367336273193
90,CCAAAGTGGACAGAAAACTACATGGTGCGCGAGACTTTATTAG,-1.316765546798706
91,GGAGATAGGGGTTGCGCTTATGGTCGCTCACATTAAGCACG,-3.4249191284179688
92,TGTTTGTTTGCGCATTAACGCGCGTTAGG,-4.686997413635254
93,GTATACTTGTGGTGCCAATTGTCAC,-0.5958147048950195
94,AATACTCTTCGACCCCACCCCTTGTATGTCCTGTTTGGGTTAATAATTGCATG,-2.2314090728759766
95,TGATGCAAGTCCATACCGAATAATCACTTCCTGGTTTGAAGCACTATAG,-1.6106746196746826
96,ATTGTGCAAATGGTGGCAAGTACGAGC,-0.9629116058349609
97,CGAATGGGAGCGACCGCACCGCCTGTGCCACCGTAAAC,-3.751845359802246
98,CATGAAATTGGACTATGGAGCCCGCGAAAGAGGGGGAGCCA,-4.766572952270508
99,CCATTGGGCACATGGGGGGAT,-0.6456763744354248
